<?xml version="1.0" encoding="UTF-8"?>
<beans xmlns="http://www.springframework.org/schema/beans"
       xmlns:xsi="http://www.w3.org/2001/XMLSchema-instance"
       xmlns:context="http://www.springframework.org/schema/context"
       xmlns:p="http://www.springframework.org/schema/p"
       xmlns:util="http://www.springframework.org/schema/util"
       xmlns:aop="http://www.springframework.org/schema/aop"
       xmlns:tx="http://www.springframework.org/schema/tx"
       xmlns:mvc="http://www.springframework.org/schema/mvc"
       xsi:schemaLocation="
http://www.springframework.org/schema/beans
http://www.springframework.org/schema/beans/spring-beans.xsd
http://www.springframework.org/schema/context
http://www.springframework.org/schema/context/spring-context.xsd
http://www.springframework.org/schema/tx
http://www.springframework.org/schema/tx/spring-tx.xsd
http://www.springframework.org/schema/aop
http://www.springframework.org/schema/aop/spring-aop.xsd
http://www.springframework.org/schema/mvc
http://www.springframework.org/schema/mvc/spring-mvc.xsd
http://www.springframework.org/schema/util
http://www.springframework.org/schema/util/spring-util.xsd">
    <!-- dispatcherServlet截获所有URL请求 -->
    <mvc:default-servlet-handler />
    <!-- spring mvc 扫描包下的controller -->
    <context:component-scan base-package="com.zjz.crm.web.controller"/>
    <context:component-scan base-package="com.zjz.crm.settings.web.controller"/>
    <context:component-scan base-package="com.zjz.crm.workbench.controller"/>
    
<!--    登录验证，拦截用户-->
    <mvc:interceptors>
        <mvc:interceptor>
<!--            配置拦截请求-->
            <mvc:mapping path="/settings/**"/>
            <mvc:mapping path="/workdbench/**"/>
<!--            配置排除拦截的请求-->
            <mvc:exclude-mapping path="/settings/qx/user/toLogin.do"/>
            <mvc:exclude-mapping path="/settings/qx/user/login.do"/>
            <bean class="com.zjz.crm.settings.web.interceptor.Loginterceptor"/>

        </mvc:interceptor>
    </mvc:interceptors>

    <mvc:interceptors>
        <mvc:interceptor>
            <mvc:mapping path="/settings/**"/>
            
        </mvc:interceptor>
    </mvc:interceptors>
    <!-- 配置注解驱动 -->
    <mvc:annotation-driven/>
    <!-- 配置视图解析器 -->
    <bean id="viewResolver"
          class="org.springframework.web.servlet.view.InternalResourceViewResolver">
        <property name="prefix" value="/WEB-INF/pages/"/>
        <property name="suffix" value=".jsp"/>
    </bean>
    <!-- 配置文件上传解析器 id:必须是multipartResolver-->
    <!--<bean id="multipartResolver" class="org.springframework.web.multipart.commons.CommonsMultipartResolver">
        <property name="maxUploadSize" value="#{1024*1024*80}"/>
        <property name="defaultEncoding" value="utf-8"/>
    </bean>-->
</beans>
