<?xml version="1.0" encoding="UTF-8"?>
<beans xmlns="http://www.springframework.org/schema/beans"
       xmlns:xsi="http://www.w3.org/2001/XMLSchema-instance"
       xmlns:aop="http://www.springframework.org/schema/aop"
       xmlns:context="http://www.springframework.org/schema/context"
       xmlns:tx="http://www.springframework.org/schema/tx"
       xsi:schemaLocation="http://www.springframework.org/schema/beans http://www.springframework.org/schema/beans/spring-beans.xsd
      http://www.springframework.org/schema/context http://www.springframework.org/schema/context/spring-context-4.3.xsd
      http://www.springframework.org/schema/aop http://www.springframework.org/schema/aop/spring-aop-4.3.xsd
      http://www.springframework.org/schema/tx http://www.springframework.org/schema/tx/spring-tx-4.3.xsd">
    <!-- 配置数据源 -->
    <bean id="dataSource" class="org.springframework.jdbc.datasource.DriverManagerDataSource">
        <property name="driverClassName" value="com.mysql.cj.jdbc.Driver"/>
        <property name="username" value="root"/>
        <property name="password" value="moshoushijie1996"/>
        <property name="url" value="jdbc:mysql://127.0.0.1:3306/crm_db?useSSL=false&amp;useUnicode=true&amp;characterEncoding=UTF-8&amp;serverTimezone=UTC"/>
    </bean>
    <!-- 配置SqlSessionFactory -->
    <bean id="sqlSessionFactory" class="org.mybatis.spring.SqlSessionFactoryBean">
        <!-- 必须注入属性dataSource -->
        <property name="dataSource" ref="dataSource"/>
        <!-- 如果mybatis没有特殊的配置(比如别名等)，configLocation可以省去 ;否则，不能省略-->
        <property name="configLocation" value="classpath:mybatis-config.xml"/>
    </bean>
    <!-- mapper注解扫描器配置,扫描@MapperScan注解,自动生成代码对象 -->
    <bean id="mapperScanner" class="org.mybatis.spring.mapper.MapperScannerConfigurer">
        <property name="basePackage" value="com.zjz.crm.settings.mapper,"/>

        <property name="sqlSessionFactoryBeanName" value="sqlSessionFactory"/>
    </bean>

    <!-- 配置事务管理器 -->
    <bean id="transactionManager" class="org.springframework.jdbc.datasource.DataSourceTransactionManager">
        <property name="dataSource" ref="dataSource"/>
    </bean>
    <!-- 配置事务 -->
    <aop:config>
        <aop:pointcut expression="execution(* com.zjz.crm..service.*.*(..))" id="allMethodPointcut"/>
        <aop:advisor advice-ref="txAdvice" pointcut-ref="allMethodPointcut"/>
    </aop:config>
    <tx:advice id="txAdvice" transaction-manager="transactionManager">
        <tx:attributes>
            <tx:method name="add*" propagation="REQUIRED" rollback-for="Exception"/>
            <tx:method name="save*" propagation="REQUIRED" rollback-for="Exception"/>
            <tx:method name="edit*" propagation="REQUIRED" rollback-for="Exception"/>
            <tx:method name="update*" propagation="REQUIRED" rollback-for="Exception"/>
            <tx:method name="delete*" propagation="REQUIRED" rollback-for="Exception"/>
            <tx:method name="do*" propagation="REQUIRED" rollback-for="Exception"/>
            <tx:method name="*" propagation="REQUIRED" read-only="true"/>
        </tx:attributes>
    </tx:advice>
</beans>